-- noinspection SqlNoDataSourceInspectionForFile

--reference data
----Diagnosis
insert into diagnosis(description) values('Anaplastic Astrocytoma');
insert into diagnosis(description) values('Anaplastic Ependymoma');
insert into diagnosis(description) values('Anaplastic Medulloblastoma / Large Cell');
insert into diagnosis(description) values('Astrocytoma');
insert into diagnosis(description) values('Astrocytoma / Low Grade');
insert into diagnosis(description) values('ATRT (Atypical Teratoid/Rhabdoid Tumor)');
insert into diagnosis(description) values('Benign Meningioma (Meningioangiomotosis)');
insert into diagnosis(description) values('Brain Stem Glioma');
insert into diagnosis(description) values('Brainstem Tumor');
insert into diagnosis(description) values('Cerebellar Astrocytoma');
insert into diagnosis(description) values('CNS Germ Cell Tumor (Nongerminomatous)');
insert into diagnosis(description) values('Cranialpharingioma / Malignant');
insert into diagnosis(description) values('Craniopharyngioma / Benign');
insert into diagnosis(description) values('Desmoplastic Infantile Ganglioma');
insert into diagnosis(description) values('Diffuse Brain Stem Glioma');
insert into diagnosis(description) values('Diffuse Pontine Brainstem Glioma');
insert into diagnosis(description) values('Ependymoblastoma');
insert into diagnosis(description) values('Ependymoma');
insert into diagnosis(description) values('Extraventricular Neurocytoma / Grade 2');
insert into diagnosis(description) values('Ganglioglioma');
insert into diagnosis(description) values('Glioblastoma');
insert into diagnosis(description) values('Glioma / Low Grade');
insert into diagnosis(description) values('Glioma / Malignant');
insert into diagnosis(description) values('Gliomatosis Cerebri');
insert into diagnosis(description) values('Glioneuro Astrocytoma');
insert into diagnosis(description) values('Glioneurocytoma');
insert into diagnosis(description) values('Hamartoma / Benign');
insert into diagnosis(description) values('Hypothalamic Astrocytoma');
insert into diagnosis(description) values('Hypothalamic Optic Chiasm Pilocytic Astrocytoma');
insert into diagnosis(description) values('Juvenile Pilocytic Astrocytoma (JPA)');
insert into diagnosis(description) values('Juvenile Pilocytic Astrocytoma (JPA) / Brainstem');
insert into diagnosis(description) values('Juvenile Pilocytic Astrocytoma (JPA) / Cerebellum)');
insert into diagnosis(description) values('Juvenile Pilocytic Astrocytoma (JPA) / Right Thalamus');
insert into diagnosis(description) values('Juvenile Pilocytic Astrocytoma (JPA) /Midbrain');
insert into diagnosis(description) values('Medullablastoma');
insert into diagnosis(description) values('Meningioangioendolethialmetosis');
insert into diagnosis(description) values('Mixed Germ Cell');
insert into diagnosis(description) values('Neurofibromatosis (NFI)');
insert into diagnosis(description) values('Oligodendroglioma');
insert into diagnosis(description) values('Optic Chiasm Glioma');
insert into diagnosis(description) values('Optic Glioma / Non NF / Non Neurofibromatosis');
insert into diagnosis(description) values('Osteosarcoma');
insert into diagnosis(description) values('Pilocytic Astrocytoma');
insert into diagnosis(description) values('Pilocytic Astrocytoma / Brain Stem');
insert into diagnosis(description) values('Pilocytic Astrocytoma / Cerebellum');
insert into diagnosis(description) values('Pilocytic Astrocytoma w/ dissemination');
insert into diagnosis(description) values('Pituitary Adenoma');
insert into diagnosis(description) values('Pituitary Tumor');
insert into diagnosis(description) values('PNET (Primitive Neuroectodermal Tumor)');
insert into diagnosis(description) values('PNET / Brainstem');
insert into diagnosis(description) values('Pontine Glioma');
insert into diagnosis(description) values('Tectal Plate Glioma');
insert into diagnosis(description) values('Tectalglioma');
insert into diagnosis(description) values('Third Ventricle Glioma (Astrocytoma)');

----Category
insert into category(category_Id, description, active) values(1, 'Physical Challenges', true);
insert into category(category_Id, description, active) values(2, 'Treatments', true);
insert into category(category_Id, description, active) values(3, 'Educational Issues', true);
insert into category(category_Id, description, active) values(4, 'Behavioral/Cognative Issues', true);
insert into category(category_Id, description, active) values(5, 'Environment', true);
insert into category(category_Id, description, active) values(6, 'Organizations', true);
------Physical Challenges (category_Id=1)
insert into subcategory(description, active, category_Id) values('Allergic Reaction - Medication', true, 1);
insert into subcategory(description, active, category_Id) values('Allergic Reaction - Chemo', true, 1);
insert into subcategory(description, active, category_Id) values('Anaplastic Ependymoma', true, 1);
insert into subcategory(description, active, category_Id) values('Aneurysm', true, 1);
insert into subcategory(description, active, category_Id) values('Anorexia', true, 1);
insert into subcategory(description, active, category_Id) values('Astrocytoma', true, 1);
insert into subcategory(description, active, category_Id) values('Ataxia', true, 1);
insert into subcategory(description, active, category_Id) values('Balance Issues', true, 1);
insert into subcategory(description, active, category_Id) values('Blindness', true, 1);
insert into subcategory(description, active, category_Id) values('Brain Hemorrhage', true, 1);
insert into subcategory(description, active, category_Id) values('Cataract', true, 1);
insert into subcategory(description, active, category_Id) values('Cavernoma', true, 1);
insert into subcategory(description, active, category_Id) values('Constipation', true, 1);
insert into subcategory(description, active, category_Id) values('Cramps', true, 1);
insert into subcategory(description, active, category_Id) values('Death', true, 1);
insert into subcategory(description, active, category_Id) values('Dehydration', true, 1);
insert into subcategory(description, active, category_Id) values('Diabetes - Insipidus', true, 1);
insert into subcategory(description, active, category_Id) values('Diet - Aversion', true, 1);
insert into subcategory(description, active, category_Id) values('Diet - Modification', true, 1);
insert into subcategory(description, active, category_Id) values('Endocrine Issues', true, 1);
insert into subcategory(description, active, category_Id) values('Epilepsy', true, 1);
insert into subcategory(description, active, category_Id) values('Facial Paralysis', true, 1);
insert into subcategory(description, active, category_Id) values('Falls', true, 1);
insert into subcategory(description, active, category_Id) values('Fatigue', true, 1);
insert into subcategory(description, active, category_Id) values('Femoral Torsion', true, 1);
insert into subcategory(description, active, category_Id) values('Fine Motor Skills Issues', true, 1);
insert into subcategory(description, active, category_Id) values('Foot Drop', true, 1);
insert into subcategory(description, active, category_Id) values('Growth', true, 1);
insert into subcategory(description, active, category_Id) values('Hair Loss', true, 1);
insert into subcategory(description, active, category_Id) values('Hearing Loss', true, 1);
insert into subcategory(description, active, category_Id) values('Hormonal Issues', true, 1);
insert into subcategory(description, active, category_Id) values('Hypoxic Events', true, 1);
insert into subcategory(description, active, category_Id) values('Infections', true, 1);
insert into subcategory(description, active, category_Id) values('Kidney Issues', true, 1);
insert into subcategory(description, active, category_Id) values('Leg Growth Issues', true, 1);
insert into subcategory(description, active, category_Id) values('Long Term Memory Loss', true, 1);
insert into subcategory(description, active, category_Id) values('Loss of Appetite', true, 1);
insert into subcategory(description, active, category_Id) values('Low Energy', true, 1);
insert into subcategory(description, active, category_Id) values('Medulloblastoma', true, 1);
insert into subcategory(description, active, category_Id) values('Meningitis', true, 1);
insert into subcategory(description, active, category_Id) values('Migraines', true, 1);
insert into subcategory(description, active, category_Id) values('Migraines - Stomach', true, 1);
insert into subcategory(description, active, category_Id) values('Moyamoya', true, 1);
insert into subcategory(description, active, category_Id) values('Mucositis', true, 1);
insert into subcategory(description, active, category_Id) values('Muscle Atrophy', true, 1);
insert into subcategory(description, active, category_Id) values('Neck Issues', true, 1);
insert into subcategory(description, active, category_Id) values('Neuralgia', true, 1);
insert into subcategory(description, active, category_Id) values('Neuropathy', true, 1);
insert into subcategory(description, active, category_Id) values('Neuropathy - Peripheral', true, 1);
insert into subcategory(description, active, category_Id) values('Osteopenia', true, 1);
insert into subcategory(description, active, category_Id) values('Osteoporosis', true, 1);
insert into subcategory(description, active, category_Id) values('Paralysis', true, 1);
insert into subcategory(description, active, category_Id) values('Paralysis - Partial', true, 1);
insert into subcategory(description, active, category_Id) values('Physical Disability', true, 1);
insert into subcategory(description, active, category_Id) values('Pituitary - Hypopituitarism', true, 1);
insert into subcategory(description, active, category_Id) values('Pituitary Issues', true, 1);
insert into subcategory(description, active, category_Id) values('Pnemonia', true, 1);
insert into subcategory(description, active, category_Id) values('Peripheral Neuroepithelioma - PNET (Askin Tumor)', true, 1);
insert into subcategory(description, active, category_Id) values('Posteria Fossa', true, 1);
insert into subcategory(description, active, category_Id) values('Remission', true, 1);
insert into subcategory(description, active, category_Id) values('RSV', true, 1);
insert into subcategory(description, active, category_Id) values('Scoliosis', true, 1);
insert into subcategory(description, active, category_Id) values('Seizures', true, 1);
insert into subcategory(description, active, category_Id) values('Sensitivity - Skin', true, 1);
insert into subcategory(description, active, category_Id) values('Shingles', true, 1);
insert into subcategory(description, active, category_Id) values('Short Stature', true, 1);
insert into subcategory(description, active, category_Id) values('Short Term Memory Loss', true, 1);
insert into subcategory(description, active, category_Id) values('Sinus Complications', true, 1);
insert into subcategory(description, active, category_Id) values('Sleep Issues', true, 1);
insert into subcategory(description, active, category_Id) values('Slow Growth', true, 1);
insert into subcategory(description, active, category_Id) values('Somnolence Syndrome', true, 1);
insert into subcategory(description, active, category_Id) values('Speech - Dysarthria', true, 1);
insert into subcategory(description, active, category_Id) values('Speech Issues ', true, 1);
insert into subcategory(description, active, category_Id) values('Strabismus', true, 1);
insert into subcategory(description, active, category_Id) values('Stroke', true, 1);
insert into subcategory(description, active, category_Id) values('Swallowing - Difficulty', true, 1);
insert into subcategory(description, active, category_Id) values('Swelling', true, 1);
insert into subcategory(description, active, category_Id) values('Thyroid Issues', true, 1);
insert into subcategory(description, active, category_Id) values('Tremors - Hand', true, 1);
insert into subcategory(description, active, category_Id) values('UOP', true, 1);
insert into subcategory(description, active, category_Id) values('Vision - Double', true, 1);
insert into subcategory(description, active, category_Id) values('Vision - Nystagmus', true, 1);
insert into subcategory(description, active, category_Id) values('Vision Loss - Full', true, 1);
insert into subcategory(description, active, category_Id) values('Vision Loss - Partial', true, 1);
insert into subcategory(description, active, category_Id) values('Vomiting/Nausea', true, 1);
insert into subcategory(description, active, category_Id) values('Voval Fold Paralysis', true, 1);
insert into subcategory(description, active, category_Id) values('Walking Issues', true, 1);
insert into subcategory(description, active, category_Id) values('Weakness - General', true, 1);
insert into subcategory(description, active, category_Id) values('Weakness/Hemiparesis - Left or Right Side', true, 1);
insert into subcategory(description, active, category_Id) values('Weight Gain', true, 1);
insert into subcategory(description, active, category_Id) values('Weight Loss', true, 1);
----Treatments (category_Id=2)
insert into subcategory(description, active, category_Id) values('Accutane', true, 2);
insert into subcategory(description, active, category_Id) values('Amputation', true, 2);
insert into subcategory(description, active, category_Id) values('Anesthesia', true, 2);
insert into subcategory(description, active, category_Id) values('Chemotherapy', true, 2);
insert into subcategory(description, active, category_Id) values('Chemotherapy - Cisplatin', true, 2);
insert into subcategory(description, active, category_Id) values('Chemotherapy - Oral', true, 2);
insert into subcategory(description, active, category_Id) values('Chemotherapy - Vincistine', true, 2);
insert into subcategory(description, active, category_Id) values('Cortisol Treatment', true, 2);
insert into subcategory(description, active, category_Id) values('Dental Work', true, 2);
insert into subcategory(description, active, category_Id) values('Feeding Tube', true, 2);
insert into subcategory(description, active, category_Id) values('Gastrostomy Tube / Feeding Tube (G Tube)', true, 2);
insert into subcategory(description, active, category_Id) values('Growth Hormone', true, 2);
insert into subcategory(description, active, category_Id) values('Hearing Aid', true, 2);
insert into subcategory(description, active, category_Id) values('Hemiplegia', true, 2);
insert into subcategory(description, active, category_Id) values('Immunity Issues', true, 2);
insert into subcategory(description, active, category_Id) values('IV', true, 2);
insert into subcategory(description, active, category_Id) values('Leg Braces', true, 2);
insert into subcategory(description, active, category_Id) values('MRI', true, 2);
insert into subcategory(description, active, category_Id) values('Neck Brace', true, 2);
insert into subcategory(description, active, category_Id) values('Nerve Graft', true, 2);
insert into subcategory(description, active, category_Id) values('Occupational Therapy', true, 2);
insert into subcategory(description, active, category_Id) values('Proton Beam Radiation', true, 2);
insert into subcategory(description, active, category_Id) values('Radiation', true, 2);
insert into subcategory(description, active, category_Id) values('Radiation - Gamma Knife', true, 2);
insert into subcategory(description, active, category_Id) values('Radiation - Proton', true, 2);
insert into subcategory(description, active, category_Id) values('Shunt', true, 2);
insert into subcategory(description, active, category_Id) values('Shunt - VP', true, 2);
insert into subcategory(description, active, category_Id) values('Stem Cells', true, 2);
insert into subcategory(description, active, category_Id) values('Surgery', true, 2);
insert into subcategory(description, active, category_Id) values('Tracheostomy', true, 2);
insert into subcategory(description, active, category_Id) values('Trial Study', true, 2);
insert into subcategory(description, active, category_Id) values('Ventilator', true, 2);
insert into subcategory(description, active, category_Id) values('Walker', true, 2);
insert into subcategory(description, active, category_Id) values('Wheelchair', true, 2);
----Educational Issues (category_Id=3)
insert into subcategory(description, active, category_Id) values('IEP', true, 3);
insert into subcategory(description, active, category_Id) values('504 Plan', true, 3);
insert into subcategory(description, active, category_Id) values('Grades', true, 3);
insert into subcategory(description, active, category_Id) values('Home Tutored / Schooled', true, 3);
insert into subcategory(description, active, category_Id) values('Homework Issues', true, 3);
insert into subcategory(description, active, category_Id) values('Mobility Services', true, 3);
insert into subcategory(description, active, category_Id) values('Orientation Services', true, 3);
insert into subcategory(description, active, category_Id) values('Reading Services', true, 3);
insert into subcategory(description, active, category_Id) values('Special Education', true, 3);
insert into subcategory(description, active, category_Id) values('Speech Services/Therapy', true, 3);
insert into subcategory(description, active, category_Id) values('Studying / Concentration', true, 3);
insert into subcategory(description, active, category_Id) values('Visual Services', true, 3);
----Behavioral/Cognative Issues (category_Id=4)
insert into subcategory(description, active, category_Id) values('Adaptive Behavior', true, 4);
insert into subcategory(description, active, category_Id) values('ADHD', true, 4);
insert into subcategory(description, active, category_Id) values('Anger Issues', true, 4);
insert into subcategory(description, active, category_Id) values('Anxiety', true, 4);
insert into subcategory(description, active, category_Id) values('Auditory Processing', true, 4);
insert into subcategory(description, active, category_Id) values('Behavior - General', true, 4);
insert into subcategory(description, active, category_Id) values('Cognitive Issues', true, 4);
insert into subcategory(description, active, category_Id) values('Counseling', true, 4);
insert into subcategory(description, active, category_Id) values('Delayed Constructional Reasoning', true, 4);
insert into subcategory(description, active, category_Id) values('Delayed Spatial Reasoning', true, 4);
insert into subcategory(description, active, category_Id) values('Depression', true, 4);
insert into subcategory(description, active, category_Id) values('Expressive Aphasia', true, 4);
insert into subcategory(description, active, category_Id) values('Low IQ', true, 4);
insert into subcategory(description, active, category_Id) values('Memory Issues', true, 4);
insert into subcategory(description, active, category_Id) values('Motor Skills', true, 4);
insert into subcategory(description, active, category_Id) values('Poor Judgement', true, 4);
insert into subcategory(description, active, category_Id) values('Poor Reflexes', true, 4);
insert into subcategory(description, active, category_Id) values('Psychologist Visits', true, 4);
insert into subcategory(description, active, category_Id) values('Psychosocial', true, 4);
insert into subcategory(description, active, category_Id) values('Puberty', true, 4);
insert into subcategory(description, active, category_Id) values('Self-Control Issues', true, 4);
insert into subcategory(description, active, category_Id) values('Self-Esteem', true, 4);
insert into subcategory(description, active, category_Id) values('Shyness', true, 4);
insert into subcategory(description, active, category_Id) values('Sleep Issues', true, 4);
insert into subcategory(description, active, category_Id) values('Social Anxiety / Struggles', true, 4);
insert into subcategory(description, active, category_Id) values('Social Worker', true, 4);
insert into subcategory(description, active, category_Id) values('Speech Impairment', true, 4);
----Environment (category_Id=5)
insert into subcategory(description, active, category_Id) values('Adopted', true, 5);
insert into subcategory(description, active, category_Id) values('College', true, 5);
insert into subcategory(description, active, category_Id) values('Death in Family', true, 5);
insert into subcategory(description, active, category_Id) values('Depression - Family Member', true, 5);
insert into subcategory(description, active, category_Id) values('Divorce', true, 5);
insert into subcategory(description, active, category_Id) values('Grandparent(s) - Custodial', true, 5);
insert into subcategory(description, active, category_Id) values('Only Child', true, 5);
insert into subcategory(description, active, category_Id) values('Puberty', true, 5);
insert into subcategory(description, active, category_Id) values('School-Aged', true, 5);
insert into subcategory(description, active, category_Id) values('Siblings', true, 5);
insert into subcategory(description, active, category_Id) values('Single Father', true, 5);
insert into subcategory(description, active, category_Id) values('Single Mother', true, 5);
insert into subcategory(description, active, category_Id) values('Teen', true, 5);
----Organizations (category_Id=6)
insert into subcategory(description, active, category_Id) values('AI Dupont Delaware', true, 6);
insert into subcategory(description, active, category_Id) values('Boston Children''s Hospital - BCH', true, 6);
insert into subcategory(description, active, category_Id) values('Camp Sunshine', true, 6);
insert into subcategory(description, active, category_Id) values('CBTF', true, 6);
insert into subcategory(description, active, category_Id) values('Children''s Hospital Central California', true, 6);
insert into subcategory(description, active, category_Id) values('Children''s Hospital Los Angeles - CHLA', true, 6);
insert into subcategory(description, active, category_Id) values('Children''s Hospital Madera', true, 6);
insert into subcategory(description, active, category_Id) values('Children''s Hospital of Philadelphia - CHOP', true, 6);
insert into subcategory(description, active, category_Id) values('Commission for Blind', true, 6);
insert into subcategory(description, active, category_Id) values('Emanuel Cancer Center New Jersey', true, 6);
insert into subcategory(description, active, category_Id) values('Huntington Hospital', true, 6);
insert into subcategory(description, active, category_Id) values('Make A Wish Foundation', true, 6);
insert into subcategory(description, active, category_Id) values('Memorial Sloan Kettering Cancer Center - MSKCC', true, 6);
insert into subcategory(description, active, category_Id) values('Memphis Legal Aspects', true, 6);
insert into subcategory(description, active, category_Id) values('Seattle Children''s Hospital - SCH', true, 6);
insert into subcategory(description, active, category_Id) values('St. Louis Children''s Hospital - SLCH', true, 6);

--Dummy Data
insert into users(id, admin, active) values('work@pls', false, false);
insert into users(id, admin, active) values('work@gmail.com', true, null);
